,Unnamed: 0,datedict,timedict,BLlist,BRList,entp,extp,percandlev,Fcv,VpTotal,VnTotal,Real,Predicted,Real_Predicted,abc,Won_Mode,Loose_Mode
0,0,2023-01-03,11:31:00,_1600.858,BR_-1700.522,762.55,767.15,-839.63,-236.134,71995.56999999999,-84590.06,WON,Loose,WON_Loose,-17.493423553699216,-17.493423553699216,-27.295862122517832
1,1,2023-01-03,14:16:00,BL_4514.497,-_-3389.811,764.5,767.15,6974.25,521.752,775216.05,-670602.324,WON,WON,WON_WON,13.494783292992963,-17.493423553699216,-27.295862122517832
2,2,2023-01-06,13:46:00,BL_5767.702,-_-5589.27,762.2,761.7,-13638.29,-420.689,749470.257,-954044.625,Loose,Loose,Loose_Loose,-27.295862122517832,-17.493423553699216,-27.295862122517832
3,3,2023-01-06,14:16:00,_3603.18,BR_-5124.827,762.85,759.65,-12830.91,-459.572,1030978.431,-1223442.129,Loose,Loose,Loose_Loose,-18.668062513521193,-17.493423553699216,-27.295862122517832
4,4,2023-01-11,10:31:00,BL_849.294,-_-559.262,768.5,765.4,515.78,-128.455,20439.174,-12702.48,Loose,WON,Loose_WON,37.85228307171317,-17.493423553699216,-27.295862122517832
5,5,2023-01-11,14:16:00,BL_6659.972,-_-3610.041,759.5,759.0,-4895.5,525.26,580890.849,-654323.313,Loose,Loose,Loose_Loose,-12.641353212296849,-17.493423553699216,-27.295862122517832
6,6,2023-01-13,11:46:00,BL_9953.758,-_-5461.746,751.3,757.45,-894.56,-606.204,300186.623,-313604.973,WON,Loose,WON_Loose,-4.4700026489854565,-17.493423553699216,-27.295862122517832
7,7,2023-01-13,13:46:00,_8592.754,BR_-16444.877,755.7,752.4,11465.69,-879.884,1729814.15,-1557828.81,Loose,WON,Loose_WON,9.942417224416843,-17.493423553699216,-27.295862122517832
8,8,2023-01-17,12:31:00,BL_4890.408,-_-4613.652,745.05,751.55,-3198.05,-716.239,404592.146,-452562.824,WON,Loose,WON_Loose,-11.856551955904763,-17.493423553699216,-27.295862122517832
9,9,2023-01-17,13:31:00,_5122.277,BR_-6286.459,745.5,751.55,-7069.0,-908.627,813805.938,-919840.986,WON,Loose,WON_Loose,-13.029524982404354,-17.493423553699216,-27.295862122517832
10,10,2023-01-18,10:31:00,BL_1065.548,-_-532.24,749.0,750.25,56.33,158.658,17710.025999999998,-16865.034,WON,WON,WON_WON,4.771263463983615,-17.493423553699216,-27.295862122517832
11,11,2023-01-18,14:16:00,BL_3930.117,-_-2939.672,751.1,750.25,7007.02,442.844,686704.389,-581599.053,Loose,WON,Loose_WON,15.305761501402031,-17.493423553699216,-27.295862122517832
12,12,2023-01-24,11:31:00,BL_1803.625,-_-1294.686,745.0,742.0,470.34,271.568,71623.11,-64567.99,Loose,WON,Loose_WON,9.850340204439604,-17.493423553699216,-27.295862122517832
13,13,2023-01-27,10:16:00,_1566.018,BR_-1697.951,737.3,733.9,-749.93,166.406,14342.22,-25591.205,Loose,Loose,Loose_Loose,-78.43266244695732,-17.493423553699216,-27.295862122517832
14,14,2023-01-30,10:31:00,BL_2922.012,-_-2017.292,736.35,733.3,-1021.2,330.784,34384.649999999994,-49702.662,Loose,Loose,Loose_Loose,-44.54898333994967,-17.493423553699216,-27.295862122517832
15,15,2023-01-30,11:31:00,BL_4371.103,-_-1532.683,737.45,734.4,-1344.82,411.938,154662.99000000002,-174835.24000000002,Loose,Loose,Loose_Loose,-13.042713062769579,-17.493423553699216,-27.295862122517832
16,16,2023-01-30,13:01:00,BL_3873.534,-_-1558.5,735.35,732.1,10061.71,562.663,620887.904,-469962.272,Loose,WON,Loose_WON,24.308032259555816,-17.493423553699216,-27.295862122517832
17,17,2023-01-31,11:46:00,BL_10019.016,-_-5420.184,729.05,729.6,9291.82,1130.067,567785.427,-428408.079,WON,WON,WON_WON,24.547538801132347,-17.493423553699216,-27.295862122517832
18,18,2023-01-31,12:16:00,BL_14100.056,-_-6899.672,729.95,726.85,15779.56,1190.747,905000.525,-668307.133,Loose,WON,Loose_WON,26.153950794669427,-17.493423553699216,-27.295862122517832
19,19,2023-01-31,13:31:00,BL_15856.744,-_-8327.533,729.05,729.6,56725.95,-1460.838,2335007.088,-1484117.7659999998,WON,WON,WON_WON,36.44054557148308,-17.493423553699216,-27.295862122517832
20,20,2023-02-01,10:01:00,BL_1604.918,-_-1059.848,741.05,747.0,-70.52,196.752,6730.624,-7788.436,WON,Loose,WON_Loose,-15.71640311507521,-17.493423553699216,-27.295862122517832
21,21,2023-02-01,12:16:00,BL_3005.747,-_-2968.917,745.35,742.3,876.6,405.088,230374.885,-217225.866,Loose,WON,Loose_WON,5.707661666331376,-17.493423553699216,-27.295862122517832
22,22,2023-02-02,10:31:00,BL_1613.183,-_-1333.391,736.25,742.2,-428.99,-174.673,15482.46,-21917.334000000003,WON,Loose,WON_Loose,-41.56234861901794,-17.493423553699216,-27.295862122517832
23,23,2023-02-02,11:16:00,BL_2024.099,-_-1420.734,739.4,735.9,787.73,263.968,69708.62700000001,-57892.671,Loose,WON,Loose_WON,16.950493086027933,-17.493423553699216,-27.295862122517832
24,24,2023-02-02,12:46:00,BL_3529.763,-_-2936.368,741.75,738.6,218.94,400.043,305187.45,-301903.29,Loose,WON,Loose_WON,1.076112402394017,-17.493423553699216,-27.295862122517832
25,25,2023-02-03,13:01:00,_12166.718,BR_-13214.736,722.95,726.95,-16257.43,1031.441,1605300.992,-1849162.384,WON,Loose,WON_Loose,-15.191007369663424,-17.493423553699216,-27.295862122517832
26,26,2023-03-27,10:46:00,_3375.504,BR_-3773.832,705.15,702.3,-1303.68,-393.342,52395.133,-71950.403,Loose,Loose,Loose_Loose,-37.32268415083516,-17.493423553699216,-27.295862122517832
27,27,2023-03-27,11:16:00,BL_3555.987,-_-2821.815,706.5,703.5,-1023.62,470.921,122974.02,-138328.245,Loose,Loose,Loose_Loose,-12.485746989486074,-17.493423553699216,-27.295862122517832
28,28,2023-03-27,12:16:00,BL_6791.316,-_-1746.581,706.1,703.2,1669.58,-643.253,375574.966,-350531.246,Loose,WON,Loose_WON,6.66810151558397,-17.493423553699216,-27.295862122517832
29,29,2023-03-27,14:01:00,BL_25288.055,-_-25151.123,703.0,700.1,-50606.32,-3177.827,2326725.9,-3085820.64,Loose,Loose,Loose_Loose,-32.625017841594484,-17.493423553699216,-27.295862122517832
30,30,2023-05-29,10:16:00,_2001.794,BR_-2260.201,794.7,791.3,172.65,458.641,30628.01,-28038.25,Loose,WON,Loose_WON,8.45552812605193,-17.493423553699216,-27.295862122517832
31,31,2023-05-29,11:46:00,_3102.031,BR_-4835.296,794.15,790.75,-6311.65,633.906,225404.663,-320079.419,Loose,Loose,Loose_Loose,-42.002128412046204,-17.493423553699216,-27.295862122517832
32,32,2023-05-29,13:01:00,BL_8168.891,-_-6993.555,793.2,794.5,-17164.79,828.517,590451.056,-847922.896,WON,Loose,WON_Loose,-43.605958086388796,-17.493423553699216,-27.295862122517832
33,33,2023-06-01,10:31:00,BL_726.872,-_-690.566,798.2,794.9,61.8,-110.68,11788.014,-10861.014,Loose,WON,Loose_WON,7.8639200801763565,-17.493423553699216,-27.295862122517832
34,34,2023-06-01,12:31:00,BL_3071.31,-_-2230.606,798.0,794.5,-3237.71,315.242,140436.87,-189002.492,Loose,Loose,Loose_Loose,-34.58181743868258,-17.493423553699216,-27.295862122517832
35,35,2023-06-02,10:31:00,BL_1725.897,-_-1052.719,796.25,796.0,-121.05,201.26,23994.372,-25810.068,Loose,Loose,Loose_Loose,-7.567174502420812,-17.493423553699216,-27.295862122517832
36,36,2023-06-02,11:31:00,BL_2593.47,-_-1644.197,797.4,794.1,-727.55,296.74,91752.8,-102666.03,Loose,Loose,Loose_Loose,-11.894165627642963,-17.493423553699216,-27.295862122517832
37,37,2023-06-02,13:01:00,BL_2651.675,-_-1837.112,796.55,796.0,-1211.16,-386.327,328274.848,-346442.288,Loose,Loose,Loose_Loose,-5.534216255276419,-17.493423553699216,-27.295862122517832
38,38,2023-06-02,13:31:00,BL_4138.956,-_-1984.831,797.65,794.1,453.34,-422.739,453073.194,-446273.028,Loose,WON,Loose_WON,1.500897888035297,-17.493423553699216,-27.295862122517832
39,39,2023-06-02,14:01:00,BL_3082.079,-_-2138.879,797.85,794.1,2083.8,-447.179,611870.4400000001,-580613.5,Loose,WON,Loose_WON,5.108424587401231,-17.493423553699216,-27.295862122517832
40,40,2023-06-05,12:46:00,BL_2982.165,-_-2233.778,793.8,792.05,-3964.99,323.269,187181.655,-246656.49,Loose,Loose,Loose_Loose,-31.77385892864342,-17.493423553699216,-27.295862122517832
41,41,2023-06-06,11:16:00,BL_1859.807,-_-1299.549,789.6,786.2,-934.65,-213.678,46658.727,-60678.459,Loose,Loose,Loose_Loose,-30.047394992152277,-17.493423553699216,-27.295862122517832
42,42,2023-06-07,11:46:00,_9769.106,BR_-15705.368,812.0,818.8,-17789.56,1687.562,637476.378,-904319.812,WON,Loose,WON_Loose,-41.85934462970798,-17.493423553699216,-27.295862122517832
43,43,2023-06-09,11:16:00,BL_3568.059,-_-3471.665,806.7,802.6,-766.51,-400.944,121848.291,-133345.935,Loose,Loose,Loose_Loose,-9.43603222141212,-17.493423553699216,-27.295862122517832
44,44,2023-06-12,11:16:00,_4399.23,BR_-6478.138,804.65,801.0,-1045.43,739.411,184809.51,-200491.02,Loose,Loose,Loose_Loose,-8.485228925719241,-17.493423553699216,-27.295862122517832
45,45,2023-06-12,13:01:00,_20030.416,BR_-22376.315,801.55,801.45,-26840.66,-2516.31,1783417.488,-2186027.392,Loose,Loose,Loose_Loose,-22.575190986351927,-17.493423553699216,-27.295862122517832
46,46,2023-06-13,10:46:00,BL_9493.495,-_-6053.623,813.3,819.9,2910.86,-1071.512,213441.081,-169778.154,WON,WON,WON_WON,20.456665040972112,-17.493423553699216,-27.295862122517832
47,47,2023-06-13,12:31:00,_15823.296,BR_-17032.933,818.6,819.45,14992.86,1796.567,1375168.2,-1150275.294,WON,WON,WON_WON,16.353847187565847,-17.493423553699216,-27.295862122517832
48,48,2023-06-14,10:16:00,BL_18052.174,-_-17463.267,852.65,860.0,356.14,2771.889,142947.06,-137604.885,WON,WON,WON_WON,3.737170250301048,-17.493423553699216,-27.295862122517832
49,49,2023-06-14,10:46:00,BL_27951.64,-_-26616.038,853.4,860.4,-4957.99,3195.501,427266.63,-501636.527,WON,Loose,WON_Loose,-17.405968961348563,-17.493423553699216,-27.295862122517832
50,50,2023-06-14,12:46:00,_37733.637,BR_-58079.73,860.3,862.55,-35708.89,5461.859,4144451.790000001,-4680085.095,WON,Loose,WON_Loose,-12.924105096177243,-17.493423553699216,-27.295862122517832
51,51,2023-06-15,12:01:00,BL_13466.603,-_-13155.502,862.9,865.35,19753.77,1968.977,1379488.392,-1083181.7999999998,WON,WON,WON_WON,21.47945526170112,-17.493423553699216,-27.295862122517832
52,52,2023-06-15,14:16:00,BL_20383.598,-_-18893.898,866.25,862.4,12994.86,-2587.766,4924069.836,-4729146.954,Loose,WON,Loose_WON,3.9585726541673694,-17.493423553699216,-27.295862122517832
53,53,2023-06-16,10:01:00,_1949.032,BR_-2198.771,861.75,858.05,-200.34,-418.162,18385.068,-21390.12,Loose,Loose,Loose_Loose,-16.34506872642517,-17.493423553699216,-27.295862122517832
54,54,2023-06-16,13:16:00,_5148.034,BR_-6706.915,859.55,862.6,-5091.28,871.874,1000718.124,-1077087.309,WON,Loose,WON_Loose,-7.6314381810876455,-17.493423553699216,-27.295862122517832
55,55,2023-06-19,14:01:00,_5469.62,BR_-5781.137,857.8,856.85,-24032.4,937.476,1188819.68,-1549305.62,Loose,Loose,Loose_Loose,-30.323012485796,-17.493423553699216,-27.295862122517832
56,56,2023-06-20,11:01:00,_1294.143,BR_-1481.795,849.95,857.0,1563.15,331.843,86939.776,-63492.512,WON,WON,WON_WON,26.969547287538447,-17.493423553699216,-27.295862122517832
57,57,2023-06-20,14:01:00,BL_5650.002,-_-5512.954,858.05,859.05,-21.19,-818.877,988417.86,-988735.72,WON,Loose,WON_Loose,-0.03215846383027099,-17.493423553699216,-27.295862122517832
58,58,2023-06-21,13:01:00,BL_10103.054,-_-7004.608,861.6,858.0,-1515.44,-1019.251,1093714.496,-1116446.112,Loose,Loose,Loose_Loose,-2.0783866432360014,-17.493423553699216,-27.295862122517832
59,59,2023-06-22,11:31:00,BL_2771.03,-_-2647.94,851.4,847.4,-2162.17,-406.233,130077.28,-162509.81,Loose,Loose,Loose_Loose,-24.933278125126847,-17.493423553699216,-27.295862122517832
60,60,2023-06-23,11:01:00,_2094.561,BR_-2244.801,842.75,840.6,-708.08,-306.416,68553.432,-79174.608,Loose,Loose,Loose_Loose,-15.49328121165398,-17.493423553699216,-27.295862122517832
61,61,2023-06-23,12:31:00,BL_3125.613,-_-2908.951,845.6,842.15,-670.34,-421.744,313287.618,-323342.754,Loose,Loose,Loose_Loose,-3.2095542314091716,-17.493423553699216,-27.295862122517832
62,62,2023-06-23,13:46:00,BL_6979.731,-_-3821.171,845.6,841.4,4005.76,-594.818,739828.3080000001,-679741.91,Loose,WON,Loose_WON,8.12166787216259,-17.493423553699216,-27.295862122517832
63,63,2023-06-26,13:01:00,BL_22048.137,-_-19527.391,856.9,864.4,-23486.24,-2225.089,2639430.352,-2991723.92,WON,Loose,WON_Loose,-13.347333364301633,-17.493423553699216,-27.295862122517832
64,64,2023-06-26,13:46:00,BL_25431.743,-_-13694.938,858.9,862.7,-5459.92,2347.456,4198445.276000001,-4280344.13,WON,Loose,WON_Loose,-1.9506948076271584,-17.493423553699216,-27.295862122517832
65,65,2023-06-27,11:16:00,BL_4541.816,-_-3487.297,859.1,855.2,-1060.15,534.3,137198.583,-153100.88999999998,Loose,Loose,Loose_Loose,-11.590722478525862,-17.493423553699216,-27.295862122517832
66,66,2023-06-28,10:46:00,_1560.093,BR_-1943.935,856.45,852.9,-401.94,-267.998,38965.633,-44994.705,Loose,Loose,Loose_Loose,-15.472793679497002,-17.493423553699216,-27.295862122517832
67,67,2023-06-28,11:46:00,BL_2941.726,-_-1882.914,857.55,853.85,-849.39,339.144,134157.892,-146898.774,Loose,Loose,Loose_Loose,-9.496930676281053,-17.493423553699216,-27.295862122517832
68,68,2023-06-30,10:16:00,BL_2041.962,-_-1625.976,853.4,860.4,-564.11,-270.94,17452.96,-25914.59,WON,Loose,WON_Loose,-48.48249236805677,-17.493423553699216,-27.295862122517832
69,69,2023-06-30,11:31:00,BL_2445.039,-_-2254.685,853.3,860.4,-553.12,422.464,140621.75,-148918.58000000002,WON,Loose,WON_Loose,-5.900104357967393,-17.493423553699216,-27.295862122517832
70,70,2023-06-30,12:46:00,_4689.896,BR_-6934.154,860.7,860.6,-4481.57,687.75,455972.325,-523195.92,Loose,Loose,Loose_Loose,-14.742911206288667,-17.493423553699216,-27.295862122517832
71,71,2023-06-30,13:16:00,BL_6656.902,-_-5631.282,860.85,860.6,-6760.94,-751.528,679652.979,-781067.04,Loose,Loose,Loose_Loose,-14.921447287587029,-17.493423553699216,-27.295862122517832
72,72,2023-06-30,13:46:00,_5143.883,BR_-7919.801,861.55,860.6,-6941.64,-873.808,946865.703,-1050990.358,Loose,Loose,Loose_Loose,-10.99677120737364,-17.493423553699216,-27.295862122517832
73,73,2023-07-03,13:31:00,BL_6473.346,-_-3722.769,858.85,859.45,-9685.72,-669.356,648995.6340000001,-794281.446,WON,Loose,WON_Loose,-22.38625414235065,-17.493423553699216,-27.295862122517832
74,74,2023-07-03,14:01:00,_3592.937,BR_-4801.558,858.95,859.45,-4697.96,748.619,947278.84,-1017748.22,WON,Loose,WON_Loose,-7.439137983911905,-17.493423553699216,-27.295862122517832
75,75,2023-07-04,11:01:00,BL_2364.736,-_-1400.318,855.55,855.4,323.79,-307.606,73701.952,-68845.176,Loose,WON,Loose_WON,6.5897521954371,-17.493423553699216,-27.295862122517832
76,76,2023-07-04,12:31:00,BL_3385.172,-_-2473.444,855.25,855.4,2538.97,428.33,353021.816,-314937.252,WON,WON,WON_WON,10.788161601888078,-17.493423553699216,-27.295862122517832
77,77,2023-07-05,11:01:00,BL_9950.759,-_-7985.63,845.0,841.6,-6101.01,-1316.945,147479.2,-238994.304,Loose,Loose,Loose_Loose,-62.0528888141514,-17.493423553699216,-27.295862122517832
78,78,2023-07-05,13:01:00,BL_17681.765,-_-10490.347,844.8,841.15,-23768.41,-1789.68,1550066.384,-1906592.56,Loose,Loose,Loose_Loose,-23.000703691152353,-17.493423553699216,-27.295862122517832
79,79,2023-07-05,13:46:00,BL_14189.752,-_-13113.824,843.85,846.35,-33007.23,2084.645,2528626.001,-3023734.404,WON,Loose,WON_Loose,-19.580135726050386,-17.493423553699216,-27.295862122517832
80,80,2023-07-05,14:16:00,BL_19427.997,-_-16832.938,844.3,846.35,-41979.48,2209.35,3401393.898,-4031086.08,WON,Loose,WON_Loose,-18.51276861436881,-17.493423553699216,-27.295862122517832
81,81,2023-07-06,12:16:00,BL_7612.141,-_-7483.62,844.6,844.9,-3430.01,-1099.83,741630.7080000001,-793080.873,WON,Loose,WON_Loose,-6.937437250777904,-17.493423553699216,-27.295862122517832
82,82,2023-07-06,12:46:00,_5672.164,BR_-8935.504,844.75,844.9,-6253.15,-1143.374,1036934.355,-1130731.53,WON,Loose,WON_Loose,-9.045623240055534,-17.493423553699216,-27.295862122517832
83,83,2023-07-07,12:16:00,BL_9084.452,-_-8927.868,834.35,833.05,-4486.84,1315.765,988986.154,-1056288.74,Loose,Loose,Loose_Loose,-6.805210136440394,-17.493423553699216,-27.295862122517832
84,84,2023-07-07,12:46:00,_10769.741,BR_-13244.273,834.45,833.05,-13225.87,-1356.785,1356469.6949999998,-1554857.685,Loose,Loose,Loose_Loose,-14.62531678601195,-17.493423553699216,-27.295862122517832
85,85,2023-07-07,13:16:00,BL_15478.289,-_-9596.883,837.05,833.05,-10362.63,-1436.155,1884256.846,-2039696.295,Loose,Loose,Loose_Loose,-8.249376900499271,-17.493423553699216,-27.295862122517832
86,86,2023-07-10,10:16:00,BL_2590.807,-_-1164.264,827.95,824.1,-501.11,-275.5,17150.934999999998,-24667.65,Loose,Loose,Loose_Loose,-43.826852588503215,-17.493423553699216,-27.295862122517832
87,87,2023-07-11,11:01:00,BL_2294.667,-_-1365.921,832.0,839.0,477.94,-508.532,66619.576,-59450.512,WON,WON,WON_WON,10.76119727931021,-17.493423553699216,-27.295862122517832
88,88,2023-07-11,12:16:00,BL_6339.846,-_-4545.805,834.15,830.65,-2469.91,807.688,321435.231,-358483.814,Loose,Loose,Loose_Loose,-11.525987019139151,-17.493423553699216,-27.295862122517832
89,89,2023-07-12,11:01:00,_3805.82,BR_-4239.237,844.0,840.5,-2678.08,-459.865,89903.24,-130074.44,Loose,Loose,Loose_Loose,-44.68270553986707,-17.493423553699216,-27.295862122517832
90,90,2023-07-12,12:31:00,BL_4437.598,-_-4364.956,842.8,842.1,-6941.48,-744.365,463297.646,-567419.776,Loose,Loose,Loose_Loose,-22.47413318391864,-17.493423553699216,-27.295862122517832
91,91,2023-07-12,14:16:00,BL_5287.351,-_-5056.51,845.5,842.0,-5836.48,-1089.907,1567056.855,-1654604.1120000002,Loose,Loose,Loose_Loose,-5.586731376124845,-17.493423553699216,-27.295862122517832
92,92,2023-07-13,10:01:00,BL_1085.162,-_-893.974,846.6,843.0,333.06,-198.544,12019.944,-7024.068,Loose,WON,Loose_WON,41.56322192516038,-17.493423553699216,-27.295862122517832
93,93,2023-07-13,10:46:00,BL_1909.618,-_-1117.934,845.4,841.25,526.3,-280.313,46779.264,-38884.741,Loose,WON,Loose_WON,16.876116306575497,-17.493423553699216,-27.295862122517832
94,94,2023-07-14,10:01:00,BL_1691.691,-_-624.696,841.15,848.2,234.39,356.275,8842.372,-5326.464,WON,WON,WON_WON,39.762045749715114,-17.493423553699216,-27.295862122517832
95,95,2023-07-14,11:16:00,BL_5375.554,-_-3266.492,842.95,850.5,234.93,679.59,153174.41100000002,-149650.47000000003,WON,WON,WON_WON,2.300606855279497,-17.493423553699216,-27.295862122517832
96,96,2023-07-14,11:46:00,BL_6471.724,-_-4120.111,843.25,850.5,2281.15,-729.384,299403.412,-265186.185,WON,WON,WON_WON,11.428469292126834,-17.493423553699216,-27.295862122517832
97,97,2023-07-17,12:31:00,BL_6458.824,-_-4689.924,852.5,850.85,-1405.11,-735.908,549956.358,-571032.9380000001,Loose,Loose,Loose_Loose,-3.832409552759472,-17.493423553699216,-27.295862122517832
98,98,2023-07-18,10:01:00,_1990.22,BR_-2146.579,853.15,849.15,-117.11,298.329,16283.176,-18039.872,Loose,Loose,Loose_Loose,-10.788411302561613,-17.493423553699216,-27.295862122517832
99,99,2023-07-18,13:31:00,_5349.782,BR_-6079.309,857.9,858.6,16530.39,906.837,1069606.89,-821651.022,WON,WON,WON_WON,23.181962487171333,-17.493423553699216,-27.295862122517832
100,100,2023-07-19,11:01:00,BL_2376.649,-_-1857.495,857.4,859.5,-20.27,308.241,70352.144,-70656.152,WON,Loose,WON_Loose,-0.4321232910826467,-17.493423553699216,-27.295862122517832
101,101,2023-07-19,11:46:00,BL_2929.297,-_-2706.158,859.8,859.5,1374.67,389.584,184016.613,-163396.629,Loose,WON,Loose_WON,11.20550132068783,-17.493423553699216,-27.295862122517832
102,102,2023-07-20,11:16:00,_1028.335,BR_-1528.849,858.7,866.0,19.85,211.146,62016.624,-61718.913,WON,WON,WON_WON,0.48005031683118204,-17.493423553699216,-27.295862122517832
103,103,2023-07-20,12:31:00,_2752.834,BR_-3882.6,864.8,871.9,-1937.51,448.882,216815.312,-245877.954,WON,Loose,WON_Loose,-13.404330963488405,-17.493423553699216,-27.295862122517832
104,104,2023-07-21,12:46:00,BL_5219.278,-_-3880.549,864.35,860.3,-5137.89,593.918,515019.975,-592088.34,Loose,Loose,Loose_Loose,-14.964150662311695,-17.493423553699216,-27.295862122517832
105,105,2023-07-24,11:01:00,_1533.438,BR_-2068.289,859.3,855.0,846.73,-312.015,80697.632,-67996.632,Loose,WON,Loose_WON,15.738999627647061,-17.493423553699216,-27.295862122517832
106,106,2023-07-25,11:46:00,BL_1460.828,-_-1387.759,860.9,867.9,-251.88,221.977,86965.78,-90743.906,WON,Loose,WON_Loose,-4.344382353610811,-17.493423553699216,-27.295862122517832
107,107,2023-07-25,12:31:00,_2765.173,BR_-2852.855,866.25,862.75,-503.19,-352.585,178329.91400000002,-185877.832,Loose,Loose,Loose_Loose,-4.232558537542928,-17.493423553699216,-27.295862122517832
108,108,2023-07-25,13:46:00,_2440.438,BR_-3219.532,863.55,868.95,-5286.1,497.66,463060.172,-542351.618,WON,Loose,WON_Loose,-17.123356918720276,-17.493423553699216,-27.295862122517832
109,109,2023-07-27,12:16:00,_13255.92,BR_-14457.571,855.45,852.0,-7293.11,1918.318,1124331.754,-1233728.392,Loose,Loose,Loose_Loose,-9.729925140938434,-17.493423553699216,-27.295862122517832
110,110,2023-07-27,13:46:00,BL_19937.158,-_-14944.623,853.4,849.1,-30862.36,-2241.879,3138779.1190000004,-3601714.575,Loose,Loose,Loose_Loose,-14.748901991787449,-17.493423553699216,-27.295862122517832
111,111,2023-07-28,10:16:00,_3669.967,BR_-3851.88,856.4,858.45,-313.14,-636.222,54537.68,-59234.76,WON,Loose,WON_Loose,-8.612540907497348,-17.493423553699216,-27.295862122517832
112,112,2023-07-28,11:16:00,BL_6310.446,-_-6016.992,857.6,854.0,-1099.97,923.507,278920.269,-295419.879,Loose,Loose,Loose_Loose,-5.91552921526835,-17.493423553699216,-27.295862122517832
113,113,2023-07-31,10:46:00,BL_4114.03,-_-2419.226,858.1,859.45,1024.57,530.519,117025.37,-101656.772,WON,WON,WON_WON,13.132706181574136,-17.493423553699216,-27.295862122517832
114,114,2023-07-31,11:16:00,BL_5705.748,-_-4391.427,858.15,859.45,1287.87,584.74,221693.22000000003,-202375.215,WON,WON,WON_WON,8.713845646700435,-17.493423553699216,-27.295862122517832
115,115,2023-07-31,12:46:00,_6349.739,BR_-6838.29,859.8,856.1,3758.19,808.708,823789.3049999999,-767416.5,Loose,WON,Loose_WON,6.843109598272818,-17.493423553699216,-27.295862122517832
116,116,2023-08-01,12:31:00,BL_5741.643,-_-3569.197,858.4,854.0,10502.71,657.65,456333.374,-298792.76,Loose,WON,Loose_WON,34.52314097018028,-17.493423553699216,-27.295862122517832
117,117,2023-08-02,13:46:00,BL_11106.346,-_-8592.371,843.0,842.0,2535.49,-1128.535,1609084.54,-1571052.183,Loose,WON,Loose_WON,2.3636021635009996,-17.493423553699216,-27.295862122517832
118,118,2023-08-03,13:01:00,BL_6550.237,-_-5571.847,838.0,834.55,3177.03,-827.984,694450.432,-646795.04,Loose,WON,Loose_WON,6.862317280551423,-17.493423553699216,-27.295862122517832
119,119,2023-08-04,11:01:00,BL_1757.294,-_-1652.575,834.9,834.95,-494.48,260.716,49626.552,-57043.816,WON,Loose,WON_Loose,-14.946160273234355,-17.493423553699216,-27.295862122517832
120,120,2023-08-04,11:31:00,BL_2330.49,-_-1889.117,834.9,834.95,-304.63,-310.582,95751.3,-100320.82,WON,Loose,WON_Loose,-4.772279854163855,-17.493423553699216,-27.295862122517832
121,121,2023-08-07,11:01:00,BL_2126.719,-_-1223.61,832.7,839.45,165.71,252.782,44558.744,-42073.112,WON,WON,WON_WON,5.578325995903285,-17.493423553699216,-27.295862122517832
122,122,2023-08-08,10:16:00,BL_1448.227,-_-849.341,836.95,844.6,-105.39,150.961,7268.235,-8849.07,WON,Loose,WON_Loose,-21.749915901178213,-17.493423553699216,-27.295862122517832
123,123,2023-08-08,11:16:00,BL_2919.289,-_-1262.683,838.0,844.8,-268.6,-392.085,48611.025,-52640.05500000001,WON,Loose,WON_Loose,-8.288304967854529,-17.493423553699216,-27.295862122517832
124,124,2023-08-09,10:16:00,_2047.291,BR_-2656.87,850.8,857.85,-622.38,-437.573,30633.94,-39969.705,WON,Loose,WON_Loose,-30.475234331594322,-17.493423553699216,-27.295862122517832
125,125,2023-08-09,11:01:00,BL_4128.803,-_-2730.453,849.8,856.8,-1057.77,-697.235,125403.776,-141270.384,WON,Loose,WON_Loose,-12.652416463121483,-17.493423553699216,-27.295862122517832
126,126,2023-08-09,12:46:00,BL_6741.925,-_-6584.216,852.2,859.4,-8740.92,896.091,758709.375,-889823.13,WON,Loose,WON_Loose,-17.28115656933855,-17.493423553699216,-27.295862122517832
127,127,2023-08-09,14:16:00,BL_10209.399,-_-8175.692,857.1,860.4,-13057.34,-1313.532,1885392.306,-2081252.418,WON,Loose,WON_Loose,-10.388294859202631,-17.493423553699216,-27.295862122517832
128,128,2023-08-11,12:31:00,BL_5223.923,-_-4130.613,840.05,836.1,-3032.4,485.466,244613.544,-290099.474,Loose,Loose,Loose_Loose,-18.59501696275656,-17.493423553699216,-27.295862122517832
129,129,2023-08-16,13:01:00,_1212.82,BR_-1771.475,838.65,839.9,-1590.57,204.27,195627.072,-219485.568,WON,Loose,WON_Loose,-12.195907118622117,-17.493423553699216,-27.295862122517832
130,130,2023-08-16,13:31:00,_1066.434,BR_-1653.876,838.65,839.9,-2536.56,216.283,256762.242,-294810.606,WON,Loose,WON_Loose,-14.818519928642786,-17.493423553699216,-27.295862122517832
131,131,2023-08-18,12:16:00,BL_1948.832,-_-1782.471,842.55,841.4,-1681.04,-301.207,139247.979,-164463.559,Loose,Loose,Loose_Loose,-18.10839926086109,-17.493423553699216,-27.295862122517832
132,132,2023-08-18,13:31:00,_1925.323,BR_-2328.124,844.05,840.55,61.54,492.918,422820.108,-421896.996,Loose,WON,Loose_WON,0.21832263474091462,-17.493423553699216,-27.295862122517832
133,133,2023-08-21,10:16:00,_900.418,BR_-924.256,844.6,848.0,-286.51,123.67,6609.160000000001,-10906.77,WON,Loose,WON_Loose,-65.02505613421371,-17.493423553699216,-27.295862122517832
134,134,2023-08-21,11:16:00,BL_1573.965,-_-1194.293,844.5,848.0,-795.88,-163.467,41495.796,-53433.972,WON,Loose,WON_Loose,-28.7696035521285,-17.493423553699216,-27.295862122517832
135,135,2023-08-21,12:16:00,BL_2253.88,-_-1154.526,845.75,848.0,-498.61,264.685,120075.891,-127555.09,WON,Loose,WON_Loose,-6.228726630893789,-17.493423553699216,-27.295862122517832
136,136,2023-08-21,14:16:00,BL_4925.628,-_-3053.204,847.4,848.0,1952.54,-425.639,554511.888,-525223.818,WON,WON,WON_WON,5.281774950873569,-17.493423553699216,-27.295862122517832
137,137,2023-08-22,10:16:00,BL_1314.374,-_-732.302,848.75,847.15,-120.67,-142.881,7992.754999999999,-9802.785,Loose,Loose,Loose_Loose,-22.645883678406264,-17.493423553699216,-27.295862122517832
138,138,2023-08-22,10:46:00,BL_1361.426,-_-1249.428,849.5,847.15,61.59,184.622,26931.128,-26007.247,Loose,WON,Loose_WON,3.4305321336707664,-17.493423553699216,-27.295862122517832
139,139,2023-08-22,13:31:00,BL_4361.279,-_-3304.626,848.3,847.15,-5909.22,-490.035,497098.008,-585736.38,Loose,Loose,Loose_Loose,-17.83116620334556,-17.493423553699216,-27.295862122517832
140,140,2023-08-24,13:16:00,_6863.787,BR_-7733.045,845.0,845.15,-6975.87,990.513,1014162.234,-1118800.311,WON,Loose,WON_Loose,-10.317686213505752,-17.493423553699216,-27.295862122517832
141,141,2023-08-24,13:46:00,BL_8183.264,-_-6034.534,845.3,845.15,-1484.07,-1029.744,1436195.256,-1458456.3779999998,Loose,Loose,Loose_Loose,-1.5500066517417679,-17.493423553699216,-27.295862122517832
142,142,2023-08-25,11:31:00,BL_5689.603,-_-1896.148,837.85,834.1,-2225.79,-849.302,102273.16,-135660.08,Loose,Loose,Loose_Loose,-32.644850320455504,-17.493423553699216,-27.295862122517832
143,143,2023-08-29,10:16:00,BL_1154.999,-_-790.347,840.55,837.15,-53.28,148.182,7658.869999999999,-8458.115,Loose,Loose,Loose_Loose,-10.4355472804735,-17.493423553699216,-27.295862122517832
144,144,2023-08-29,11:01:00,BL_2293.624,-_-982.959,842.5,839.05,-216.46,-257.133,35367.944,-38614.816,Loose,Loose,Loose_Loose,-9.180267871946413,-17.493423553699216,-27.295862122517832
145,145,2023-08-29,12:16:00,BL_3079.309,-_-980.844,839.0,838.75,-2804.74,-346.429,158347.397,-200418.426,Loose,Loose,Loose_Loose,-26.568816284362427,-17.493423553699216,-27.295862122517832
146,146,2023-08-29,13:01:00,_1489.31,BR_-2187.453,837.65,838.75,-2792.89,-377.466,306833.872,-348727.184,WON,Loose,WON_Loose,-13.653418290142369,-17.493423553699216,-27.295862122517832
147,147,2023-08-30,12:16:00,_1647.356,BR_-4131.298,847.9,848.5,-4564.03,-333.851,146767.335,-215227.831,WON,Loose,WON_Loose,-46.645594539139125,-17.493423553699216,-27.295862122517832
148,148,2023-08-30,13:16:00,BL_2983.816,-_-2512.726,848.75,848.5,-13720.75,-377.679,285313.516,-491124.747,Loose,Loose,Loose_Loose,-72.13511434207692,-17.493423553699216,-27.295862122517832
149,149,2023-08-31,11:31:00,_2931.386,BR_-3217.859,839.7,836.1,-4254.04,-389.479,89131.88,-152942.41,Loose,Loose,Loose_Loose,-71.591141127058,-17.493423553699216,-27.295862122517832
150,150,2023-08-31,12:31:00,BL_5683.271,-_-3746.168,840.0,836.1,-7223.62,534.309,282385.11000000004,-390739.426,Loose,Loose,Loose_Loose,-38.371115247542576,-17.493423553699216,-27.295862122517832
151,151,2023-08-31,13:16:00,_3869.982,BR_-4757.411,839.5,836.1,-4718.92,654.137,576117.913,-646901.748,Loose,Loose,Loose_Loose,-12.286345104496021,-17.493423553699216,-27.295862122517832
152,152,2023-09-01,10:16:00,BL_1158.516,-_-768.696,843.75,840.1,91.3,-190.981,11319.115,-9949.68,Loose,WON,Loose_WON,12.098428189836397,-17.493423553699216,-27.295862122517832
153,153,2023-09-01,12:46:00,BL_3653.823,-_-2052.49,843.25,844.3,-3834.07,376.341,280318.995,-337830.03,WON,Loose,WON_Loose,-20.51628181672099,-17.493423553699216,-27.295862122517832
154,154,2023-09-04,11:01:00,BL_2196.875,-_-1500.061,840.0,846.8,-336.12,254.597,45905.408,-50947.216,WON,Loose,WON_Loose,-10.98303711841531,-17.493423553699216,-27.295862122517832
155,155,2023-09-04,11:46:00,_2347.857,BR_-2734.708,839.5,846.5,-582.25,-302.895,119432.434,-128166.258,WON,Loose,WON_Loose,-7.312774015808813,-17.493423553699216,-27.295862122517832
156,156,2023-09-05,14:16:00,BL_5576.222,-_-1960.684,849.0,845.6,27052.06,515.849,993612.816,-587831.874,Loose,WON,Loose_WON,40.83894002430017,-17.493423553699216,-27.295862122517832
157,157,2023-09-06,13:01:00,BL_2715.206,-_-1650.604,848.2,861.15,-1621.74,347.776,325446.032,-349772.144,WON,Loose,WON_Loose,-7.474699215260358,-17.493423553699216,-27.295862122517832
158,158,2023-09-06,13:31:00,_3047.763,BR_-3571.551,848.7,861.15,-3600.77,-387.155,434353.068,-488364.57,WON,Loose,WON_Loose,-12.434930469974248,-17.493423553699216,-27.295862122517832
159,159,2023-09-07,13:31:00,BL_18877.526,-_-18488.692,856.4,858.3,11623.17,-2393.244,3728714.472,-3554366.9940000004,WON,WON,WON_WON,4.675806616710005,-17.493423553699216,-27.295862122517832
160,160,2023-09-08,13:46:00,_2540.064,BR_-5629.088,855.55,851.95,-16546.41,-643.337,716282.368,-964478.589,Loose,Loose,Loose_Loose,-34.650611558820344,-17.493423553699216,-27.295862122517832
161,161,2023-09-11,11:16:00,_3770.008,BR_-3792.229,860.8,863.05,-2073.93,-439.572,113058.387,-144167.26499999998,WON,Loose,WON_Loose,-27.515763160498636,-17.493423553699216,-27.295862122517832
162,162,2023-09-12,10:01:00,_2407.739,BR_-2423.696,862.5,859.05,-305.96,-407.388,13040.44,-17629.772,Loose,Loose,Loose_Loose,-35.19307630724117,-17.493423553699216,-27.295862122517832
163,163,2023-09-12,13:46:00,_7184.055,BR_-9919.211,864.15,864.5,-3260.64,1450.382,2015180.926,-2064090.517,WON,Loose,WON_Loose,-2.4270570631631614,-17.493423553699216,-27.295862122517832
164,164,2023-09-13,10:01:00,_1122.604,BR_-1213.751,866.75,874.1,-199.67,-217.661,5649.476,-8644.508,WON,Loose,WON_Loose,-53.0143326566924,-17.493423553699216,-27.295862122517832
165,165,2023-09-13,10:46:00,BL_2915.661,-_-2487.283,869.8,876.8,-601.91,458.897,44120.153,-53148.809,WON,Loose,WON_Loose,-20.46379122937313,-17.493423553699216,-27.295862122517832
166,166,2023-09-13,11:46:00,BL_6155.447,-_-5115.703,872.6,880.9,-2613.31,667.293,214955.576,-254155.209,WON,Loose,WON_Loose,-18.236155455674236,-17.493423553699216,-27.295862122517832
167,167,2023-09-13,13:31:00,BL_13730.289,-_-8166.765,880.0,887.85,3291.38,-1334.23,1275699.0240000002,-1226328.336,WON,WON,WON_WON,3.870089031282376,-17.493423553699216,-27.295862122517832
168,168,2023-09-13,14:01:00,BL_11265.44,-_-10860.383,881.5,889.35,7785.75,-1482.401,1801042.2399999998,-1684255.9400000002,WON,WON,WON_WON,6.484373181608419,-17.493423553699216,-27.295862122517832
169,169,2023-09-14,10:16:00,BL_7456.231,-_-5674.868,885.0,881.05,-2763.78,869.388,42581.315,-84038.05,Loose,Loose,Loose_Loose,-97.35898245509796,-17.493423553699216,-27.295862122517832
170,170,2023-09-14,10:46:00,_6623.825,BR_-7205.86,885.65,882.1,-3538.21,994.054,149233.553,-202306.629,Loose,Loose,Loose_Loose,-35.563768960188185,-17.493423553699216,-27.295862122517832
171,171,2023-09-14,13:01:00,BL_11005.121,-_-10747.637,886.8,883.05,-30969.69,-1388.642,1325040.016,-1789585.44,Loose,Loose,Loose_Loose,-35.058973192549985,-17.493423553699216,-27.295862122517832
172,172,2023-09-15,11:46:00,BL_3005.164,-_-1632.306,876.1,876.5,2032.77,439.467,194443.447,-163951.964,WON,WON,WON_WON,15.68141455546197,-17.493423553699216,-27.295862122517832
173,173,2023-09-15,12:31:00,BL_4410.806,-_-3701.143,875.95,876.5,1678.74,-500.212,365855.784,-340674.656,WON,WON,WON_WON,6.8828016670087635,-17.493423553699216,-27.295862122517832
174,174,2023-09-15,14:16:00,BL_5391.487,-_-4654.954,878.1,874.25,260.6,606.99,1082650.695,-1078741.629,Loose,WON,Loose_WON,0.3610643782018883,-17.493423553699216,-27.295862122517832
175,175,2023-09-20,11:46:00,BL_4731.34,-_-4443.164,870.65,865.5,-3813.83,-481.198,218883.39,-276090.881,Loose,Loose,Loose_Loose,-26.136058565247893,-17.493423553699216,-27.295862122517832
176,176,2023-09-21,11:01:00,BL_3289.378,-_-2471.274,869.0,865.45,1354.6,-371.288,100244.808,-79925.784,Loose,WON,Loose_WON,20.26940288019705,-17.493423553699216,-27.295862122517832
177,177,2023-09-21,12:31:00,BL_4446.285,-_-3733.924,870.15,865.45,946.03,514.435,405319.362,-391128.962,Loose,WON,Loose_WON,3.501041729163674,-17.493423553699216,-27.295862122517832
178,178,2023-09-22,10:16:00,BL_3839.289,-_-2782.253,873.8,880.9,-581.2,-398.056,25755.585,-34473.64,WON,Loose,WON_Loose,-33.84918261417863,-17.493423553699216,-27.295862122517832
179,179,2023-09-22,13:01:00,_8893.521,BR_-9727.12,881.35,877.75,-8982.4,-1132.03,1079391.792,-1214127.744,Loose,Loose,Loose_Loose,-12.482580745805791,-17.493423553699216,-27.295862122517832
180,180,2023-09-25,11:01:00,BL_6714.426,-_-4181.162,890.25,897.85,4607.68,1147.225,208534.2,-139418.928,WON,WON,WON_WON,33.14337504351805,-17.493423553699216,-27.295862122517832
181,181,2023-09-25,11:31:00,_8456.765,BR_-9320.773,890.85,899.5,5046.43,-1235.267,409658.07,-333961.64,WON,WON,WON_WON,18.477954065447804,-17.493423553699216,-27.295862122517832
182,182,2023-09-25,13:16:00,_12013.261,BR_-13262.323,891.55,899.5,16566.5,-1514.935,1855754.867,-1607257.418,WON,WON,WON_WON,13.390639756301383,-17.493423553699216,-27.295862122517832
183,183,2023-09-26,11:01:00,BL_6392.295,-_-4262.204,903.15,899.2,-1228.12,968.947,234612.584,-253034.448,Loose,Loose,Loose_Loose,-7.852035762923961,-17.493423553699216,-27.295862122517832
184,184,2023-09-27,10:31:00,BL_5347.959,-_-3021.93,891.95,888.3,184.57,618.626,53431.79400000001,-50663.208,Loose,WON,Loose_WON,5.181532927754603,-17.493423553699216,-27.295862122517832
185,185,2023-09-28,10:01:00,BL_1472.508,-_-880.762,890.75,887.0,295.6,222.924,12568.54,-8134.564,Loose,WON,Loose_WON,35.27836964357037,-17.493423553699216,-27.295862122517832
186,186,2023-09-28,11:31:00,BL_4978.435,-_-3260.417,887.5,883.8,-922.82,-513.159,163435.82,-177278.08000000002,Loose,Loose,Loose_Loose,-8.469538684971255,-17.493423553699216,-27.295862122517832
187,187,2023-09-28,14:16:00,BL_9304.634,-_-5659.57,875.1,871.0,-23778.83,-1083.596,1342266.702,-1698949.098,Loose,Loose,Loose_Loose,-26.57313896474801,-17.493423553699216,-27.295862122517832
188,188,2023-09-29,10:31:00,BL_1638.146,-_-888.05,879.95,876.1,-367.73,-186.867,18186.15,-23702.034,Loose,Loose,Loose_Loose,-30.33013584513489,-17.493423553699216,-27.295862122517832
189,189,2023-09-29,12:16:00,_2114.538,BR_-2582.874,880.8,877.15,-1600.99,-306.274,172594.90300000002,-196609.764,Loose,Loose,Loose_Loose,-13.914003590245045,-17.493423553699216,-27.295862122517832
190,190,2023-10-03,10:16:00,BL_3085.267,-_-3018.452,875.65,871.95,-642.16,-367.71,25983.925,-35616.33,Loose,Loose,Loose_Loose,-37.07063116907858,-17.493423553699216,-27.295862122517832
191,191,2023-10-03,12:16:00,_3748.554,BR_-4187.648,870.15,872.25,-7087.5,640.157,365848.067,-472160.572,WON,Loose,WON_Loose,-29.059195493849643,-17.493423553699216,-27.295862122517832
192,192,2023-10-03,12:46:00,BL_5504.335,-_-4619.873,871.05,867.55,-8158.82,705.134,557573.37,-679955.715,Loose,Loose,Loose_Loose,-21.949101514658068,-17.493423553699216,-27.295862122517832
193,193,2023-10-04,10:16:00,BL_1172.775,-_-1106.876,865.35,861.6,-234.14,-142.249,8586.609999999999,-12098.68,Loose,Loose,Loose_Loose,-40.90170626126027,-17.493423553699216,-27.295862122517832
194,194,2023-10-04,11:01:00,BL_1499.446,-_-1181.407,868.0,863.0,-177.24,200.544,41079.336,-43737.976,Loose,Loose,Loose_Loose,-6.471964395919159,-17.493423553699216,-27.295862122517832
195,195,2023-10-04,11:31:00,BL_1779.334,-_-1254.35,868.35,864.65,148.1,-229.519,80834.9,-78613.38,Loose,WON,Loose_WON,2.7482189004996513,-17.493423553699216,-27.295862122517832
196,196,2023-10-04,13:31:00,BL_3870.518,-_-2513.236,858.65,865.6,-1574.33,-433.458,458979.5880000001,-482594.544,WON,Loose,WON_Loose,-5.145099393831842,-17.493423553699216,-27.295862122517832
197,197,2023-10-05,13:01:00,BL_3170.834,-_-2288.022,862.5,859.0,-3724.32,-403.225,335084.512,-390949.28,Loose,Loose,Loose_Loose,-16.671844265962378,-17.493423553699216,-27.295862122517832
198,198,2023-10-06,10:31:00,BL_4018.299,-_-3516.013,875.45,871.75,239.57,-413.812,46709.844,-43116.36,Loose,WON,Loose_WON,7.693204884178158,-17.493423553699216,-27.295862122517832
199,199,2023-10-06,13:01:00,BL_7053.569,-_-4975.313,872.2,875.65,-2465.32,649.974,663889.408,-700869.2,WON,Loose,WON_Loose,-5.570173519020798,-17.493423553699216,-27.295862122517832
200,200,2023-10-09,10:16:00,BL_1797.38,-_-1277.018,879.0,875.0,-19.86,271.187,17629.745,-17927.635000000002,Loose,Loose,Loose_Loose,-1.6897011272710074,-17.493423553699216,-27.295862122517832
201,201,2023-10-09,11:31:00,_2562.622,BR_-2790.489,877.95,874.3,-277.89,-435.542,149900.41,-154068.69,Loose,Loose,Loose_Loose,-2.7806995324429096,-17.493423553699216,-27.295862122517832
202,202,2023-10-09,13:16:00,BL_4977.354,-_-4704.453,876.6,883.85,-5518.51,643.859,622031.598,-704809.239,WON,Loose,WON_Loose,-13.307626375597707,-17.493423553699216,-27.295862122517832
203,203,2023-10-10,10:01:00,BL_2052.73,-_-1032.892,888.2,889.35,-104.75,-220.583,7707.068,-9278.372,WON,Loose,WON_Loose,-20.38783101433644,-17.493423553699216,-27.295862122517832
204,204,2023-10-10,14:16:00,BL_5348.469,-_-4537.226,887.3,889.35,-3627.7,-681.159,1191694.077,-1246109.55,WON,Loose,WON_Loose,-4.566228367685341,-17.493423553699216,-27.295862122517832
205,205,2023-10-11,11:46:00,BL_3613.513,-_-3369.99,893.65,890.05,225.0,524.443,247570.774,-244195.842,Loose,WON,Loose_WON,1.3632190688227297,-17.493423553699216,-27.295862122517832
206,206,2023-10-12,11:31:00,_2104.917,BR_-2109.44,891.8,891.55,-645.71,-331.812,95909.7,-105595.37,Loose,Loose,Loose_Loose,-10.098738709431899,-17.493423553699216,-27.295862122517832
207,207,2023-10-12,12:46:00,_3985.809,BR_-4348.002,892.95,891.55,-3972.52,-510.683,341518.215,-401106.0,Loose,Loose,Loose_Loose,-17.44790830556431,-17.493423553699216,-27.295862122517832
208,208,2023-10-17,11:31:00,BL_15608.162,-_-13380.111,923.7,919.15,1558.75,-1761.588,751386.0700000001,-728004.77,Loose,WON,Loose_WON,3.1117558514227,-17.493423553699216,-27.295862122517832
209,209,2023-10-17,13:01:00,_12833.427,BR_-14706.048,924.15,920.4,-10491.15,-2163.335,2393562.624,-2550929.824,Loose,Loose,Loose_Loose,-6.574601325325517,-17.493423553699216,-27.295862122517832
210,210,2023-10-18,13:46:00,BL_7811.989,-_-5881.882,898.15,894.1,-17875.53,891.614,1055022.462,-1323155.402,Loose,Loose,Loose_Loose,-25.414903441174317,-17.493423553699216,-27.295862122517832
211,211,2023-10-19,10:46:00,BL_3849.606,-_-3492.259,883.25,890.35,-1236.65,-506.756,84436.989,-102986.786,WON,Loose,WON_Loose,-21.968804453697416,-17.493423553699216,-27.295862122517832
212,212,2023-10-19,12:16:00,_6268.858,BR_-6730.1,892.75,900.25,3521.56,798.244,546515.32,-493691.978,WON,WON,WON_WON,9.665482387575153,-17.493423553699216,-27.295862122517832
213,213,2023-10-20,11:31:00,BL_6114.305,-_-5744.432,892.2,899.7,-3428.72,654.195,214820.17,-266250.94,WON,Loose,WON_Loose,-23.941313331983665,-17.493423553699216,-27.295862122517832
214,214,2023-10-20,12:16:00,BL_8036.785,-_-5256.864,894.9,890.3,1273.79,-826.544,519168.663,-500061.809,Loose,WON,Loose_WON,3.680278753650427,-17.493423553699216,-27.295862122517832
215,215,2023-10-20,13:01:00,BL_6835.042,-_-6410.404,893.95,890.3,2424.6,-1004.55,954546.736,-918177.664,Loose,WON,Loose_WON,3.8100881421902386,-17.493423553699216,-27.295862122517832
216,216,2023-10-23,11:46:00,BL_3862.379,-_-3197.67,893.85,890.0,-5327.36,-493.735,205983.338,-285893.729,Loose,Loose,Loose_Loose,-38.794589783762035,-17.493423553699216,-27.295862122517832
217,217,2023-10-25,11:46:00,BL_5706.972,-_-4723.834,890.95,887.15,-2209.99,-660.446,305241.607,-338391.394,Loose,Loose,Loose_Loose,-10.860179687102743,-17.493423553699216,-27.295862122517832
218,218,2023-10-25,13:46:00,BL_10278.347,-_-7511.197,891.15,891.0,-7759.7,-1170.261,1372043.998,-1488439.556,Loose,Loose,Loose_Loose,-8.483369204607698,-17.493423553699216,-27.295862122517832
